-- Active: 1771720784163@@127.0.0.1@3306@vr_classroom_test
-- VR教室项目模拟数据
-- 生成时间: 2026-03-04
-- 适用于远程数据库: cj_vr

-- 禁用外键检查，避免插入顺序问题
SET FOREIGN_KEY_CHECKS = 0;

-- ==================== 1. 学院数据 (college) ====================
-- 武汉理工大学各学院
INSERT INTO `college` (`id`, `name`) VALUES
(1, '材料科学与工程学院'),
(2, '交通与物流工程学院'),
(3, '船海与能源动力工程学院'),
(4, '汽车工程学院'),
(5, '机电工程学院'),
(6, '土木工程与建筑学院'),
(7, '资源与环境工程学院'),
(8, '信息工程学院'),
(9, '计算机与人工智能学院'),
(10, '自动化学院'),
(11, '理学院'),
(12, '管理学院'),
(13, '经济学院'),
(14, '艺术与设计学院'),
(15, '外国语学院'),
(16, '法学与人文社会学院'),
(17, '马克思主义学院'),
(18, '安全科学与应急管理学院'),
(19, '创业学院'),
(20, '国际教育学院');

-- ==================== 2. 分类数据 (category) ====================
-- 校友论坛帖子分类
INSERT INTO `category` (`id`, `name`) VALUES
(1, '校园生活'),
(2, '求职招聘'),
(3, '学术交流'),
(4, '创业分享'),
(5, '二手交易'),
(6, '失物招领'),
(7, '活动组织'),
(8, '情感交流'),
(9, '考研留学'),
(10, '行业资讯');

-- ==================== 3. 用户数据 (user) ====================
-- 模拟校友用户
INSERT INTO `user` (`id`, `phone`, `openId`, `name`, `avatar`, `collegeId`, `verifyStatus`) VALUES
(1, '13800138001', 'oX1234567890abcdef1', '张明', 'https://example.com/avatar1.jpg', '1', 2),
(2, '13800138002', 'oX1234567890abcdef2', '李华', 'https://example.com/avatar2.jpg', '2', 2),
(3, '13800138003', 'oX1234567890abcdef3', '王芳', 'https://example.com/avatar3.jpg', '3', 2),
(4, '13800138004', 'oX1234567890abcdef4', '刘洋', 'https://example.com/avatar4.jpg', '4', 1),
(5, '13800138005', 'oX1234567890abcdef5', '陈静', 'https://example.com/avatar5.jpg', '5', 2),
(6, '13800138006', 'oX1234567890abcdef6', '杨强', 'https://example.com/avatar6.jpg', '8', 0),
(7, '13800138007', 'oX1234567890abcdef7', '赵敏', 'https://example.com/avatar7.jpg', '9', 2),
(8, '13800138008', 'oX1234567890abcdef8', '周杰', 'https://example.com/avatar8.jpg', '10', 2),
(9, '13800138009', 'oX1234567890abcdef9', '吴磊', 'https://example.com/avatar9.jpg', '12', 1),
(10, '13800138010', 'oX1234567890abcde10', '郑欣', 'https://example.com/avatar10.jpg', '15', 2),
(11, '13800138011', 'oX1234567890abcde11', '孙伟', 'https://example.com/avatar11.jpg', '1', 2),
(12, '13800138012', 'oX1234567890abcde12', '钱多多', 'https://example.com/avatar12.jpg', '2', 2),
(13, '13800138013', 'oX1234567890abcde13', '韩雪', 'https://example.com/avatar13.jpg', '6', 0),
(14, '13800138014', 'oX1234567890abcde14', '冯刚', 'https://example.com/avatar14.jpg', '7', 2),
(15, '13800138015', 'oX1234567890abcde15', '董丽', 'https://example.com/avatar15.jpg', '11', 1);

-- ==================== 4. 帖子数据 (post) ====================
-- 校友论坛帖子
INSERT INTO `post` (`id`, `date`, `title`, `summary`, `content`, `images`, `authorId`, `categoryId`, `likeCount`, `shareCount`, `commentCount`, `status`, `rejectReason`) VALUES
(1, '2026-03-01 10:30:00', '毕业十周年聚会通知', '各位校友，材料学院2016届毕业十周年聚会定于今年6月举行，欢迎报名参加！', '亲爱的校友们：\n\n时光飞逝，转眼间我们已经毕业十周年了！\n\n材料科学与工程学院2016届毕业十周年聚会定于2026年6月20日举行，地点在武汉理工大学南湖校区。\n\n活动安排：\n1. 上午10:00 校园参观\n2. 中午12:00 午餐\n3. 下午14:00 座谈会\n4. 晚上18:00 晚宴\n\n请各位校友积极报名参加，联系方式：13800138001\n\n期待与大家重聚！', '["https://example.com/pic1.jpg", "https://example.com/pic2.jpg"]', 1, 7, 56, 23, 12, 1, NULL),
(2, '2026-03-01 14:20:00', '求推荐武汉靠谱的装修公司', '刚买了新房，准备装修，求校友们推荐靠谱的装修公司，预算30万左右。', '如题，房子在光谷，面积120平，三室两厅。\n\n希望找一家靠谱的装修公司，要求：\n1. 口碑好，施工质量有保障\n2. 设计能力强\n3. 价格透明，无隐形消费\n4. 售后服务好\n\n预算30万左右，包括硬装和软装。\n\n有经验的校友麻烦推荐一下，谢谢！', '["https://example.com/house1.jpg"]', 2, 1, 34, 8, 15, 1, NULL),
(3, '2026-03-02 09:15:00', '互联网行业求职经验分享', '在互联网大厂工作5年了，分享一些求职和职场经验，希望能帮到学弟学妹。', '大家好，我是2018届计算机专业的校友，现在在某互联网大厂做后端开发。\n\n工作5年来，积累了一些经验，想和大家分享一下：\n\n## 求职准备\n1. 算法是基础，LeetCode至少刷200道\n2. 项目经验很重要，要有亮点\n3. 八股文要背，但更要理解原理\n\n## 面试技巧\n1. 自信但不自负\n2. 遇到不会的问题，说出思路\n3. 准备几个好问题问面试官\n\n## 职场建议\n1. 前三年多学习，少计较\n2. 主动承担有挑战的任务\n3. 建立自己的人脉网络\n\n有问题欢迎交流！', '[]', 7, 2, 128, 45, 28, 1, NULL),
(4, '2026-03-02 16:45:00', '出一台MacBook Pro 14寸', '2023款MacBook Pro 14寸，M2 Pro芯片，16G+512G，成色99新，价格面议。', '出一台自用的MacBook Pro 14寸\n\n配置：\n- 2023款\n- M2 Pro芯片（10核CPU+16核GPU）\n- 16GB内存\n- 512GB SSD\n- 深空灰色\n\n成色：99新，无划痕，电池健康100%，循环次数50次\n\n配件：原装充电器、包装盒都在\n\n价格：8500元（可小刀）\n\n仅限武汉面交，地点可在学校附近。\n\n有意者请联系：13800138008', '["https://example.com/mac1.jpg", "https://example.com/mac2.jpg", "https://example.com/mac3.jpg"]', 8, 5, 23, 5, 8, 1, NULL),
(5, '2026-03-03 11:00:00', '考研经验分享：从武理到清华', '去年成功上岸清华计算机，分享一下考研经验，希望能帮到学弟学妹。', '各位学弟学妹好！\n\n我是2020届信息工程专业的校友，去年成功上岸清华大学计算机系。\n\n## 基本情况\n- 本科GPA：3.8/4.0\n- 考研成绩：政治75，英语85，数学145，专业课135，总分440\n\n## 复习时间线\n**3-6月：基础阶段**\n- 数学：过一遍教材，做课后习题\n- 英语：背单词，做真题阅读\n\n**7-9月：强化阶段**\n- 数学：刷题，总结题型\n- 专业课：系统学习，做笔记\n\n**10-12月：冲刺阶段**\n- 真题模拟，查漏补缺\n- 政治开始背诵\n\n## 心得体会\n1. 坚持最重要\n2. 效率比时间更重要\n3. 心态要平和\n\n有问题可以加我微信交流！', '["https://example.com/offer.jpg"]', 7, 9, 256, 89, 45, 1, NULL),
(6, '2026-03-03 15:30:00', '南湖校区食堂哪个最好吃？', '毕业多年，想回母校看看，请问现在南湖校区哪个食堂最值得吃？', '如题，毕业5年了，一直想念学校的食堂。\n\n记得以前最喜欢去：\n- 越苑食堂的麻辣烫\n- 恬苑食堂的小炒\n\n不知道现在变化大不大？\n\n求推荐现在的网红窗口，准备这周末回去吃一趟！\n\n另外，现在校友能进校园吗？需要什么手续？', '[]', 3, 1, 67, 12, 34, 1, NULL),
(7, '2026-03-04 08:00:00', '招聘：Java后端工程师', '某知名互联网公司招聘Java后端工程师，年薪30-50万，欢迎校友投递。', '## 公司简介\n某知名互联网公司，业务稳定增长，技术氛围好。\n\n## 岗位要求\n1. 3年以上Java开发经验\n2. 熟悉Spring Boot、MyBatis等框架\n3. 熟悉MySQL、Redis等数据库\n4. 有分布式系统开发经验优先\n5. 本科及以上学历\n\n## 薪资待遇\n- 年薪：30-50万（14薪）\n- 五险一金全额缴纳\n- 补充医疗保险\n- 免费三餐\n- 健身房、下午茶等福利\n\n## 工作地点\n武汉光谷\n\n## 联系方式\n邮箱：hr@example.com\n微信：13800138002\n\n欢迎武理校友投递，内推成功率更高！', '[]', 2, 2, 45, 67, 18, 1, NULL),
(8, '2026-03-04 10:20:00', '失物招领：在图书馆捡到校园卡', '今天下午在图书馆三楼捡到一张校园卡，卡号2021XXXX，请失主联系我。', '今天下午15:00左右，在图书馆三楼自习室捡到一张校园卡。\n\n卡号：2021XXXX（后四位保密）\n\n卡面信息：\n- 姓名：刘XX\n- 学院：计算机学院\n\n请失主私信我认领，需要说出完整卡号和学院确认身份。\n\n我的联系方式：13800138013', '[]', 13, 6, 12, 3, 2, 1, NULL),
(9, '2026-02-28 20:00:00', '创业分享：从0到1的三年', '分享我毕业创业三年的经历，有成功经验也有失败教训。', '大家好，我是2019届管理学院校友，毕业后选择了创业，现在公司年营收过千万。\n\n## 创业历程\n\n**第一年：摸索期**\n- 做了三个项目，都失败了\n- 亏损50万\n- 但积累了宝贵经验\n\n**第二年：转型期**\n- 找到正确方向：企业服务\n- 团队扩充到10人\n- 实现盈亏平衡\n\n**第三年：成长期**\n- 年营收突破1000万\n- 团队30人\n- 获得A轮融资\n\n## 经验总结\n1. 方向比努力更重要\n2. 团队是核心\n3. 现金流是生命线\n4. 快速迭代，小步快跑\n\n欢迎有创业想法的校友交流！', '["https://example.com/company.jpg"]', 12, 3, 189, 56, 42, 1, NULL),
(10, '2026-02-25 12:00:00', '周末羽毛球约球', '本周六下午2-5点，光谷体育馆羽毛球，还差2人，欢迎校友加入。', '时间：本周六（3月7日）下午14:00-17:00\n地点：光谷体育馆羽毛球馆\n费用：AA制，预计人均30元\n水平：中等水平，娱乐为主\n\n目前已有4人，还差2人，男女不限。\n\n欢迎喜欢羽毛球的校友加入！\n\n报名方式：加微信13800138005，备注"羽毛球"', '[]', 5, 7, 8, 2, 5, 1, NULL);

INSERT INTO `post` (`date`, `title`, `summary`, `content`, `images`, `authorId`, `categoryId`, `likeCount`, `shareCount`, `commentCount`, `status`, `rejectReason`) VALUES
('2026-03-01 10:30:00', '毕业十周年聚会通知', '各位校友，材料学院2016届毕业十周年聚会定于今年6月举行，欢迎报名参加！', '亲爱的校友们：\n\n时光飞逝，转眼间我们已经毕业十周年了！\n\n材料科学与工程学院2016届毕业十周年聚会定于2026年6月20日举行，地点在武汉理工大学南湖校区。\n\n活动安排：\n1. 上午10:00 校园参观\n2. 中午12:00 午餐\n3. 下午14:00 座谈会\n4. 晚上18:00 晚宴\n\n请各位校友积极报名参加，联系方式：13800138001\n\n期待与大家重聚！', '["https://example.com/pic1.jpg", "https://example.com/pic2.jpg"]', 1, 7, 56, 23, 12, 1, NULL),
('2026-03-01 14:20:00', '求推荐武汉靠谱的装修公司', '刚买了新房，准备装修，求校友们推荐靠谱的装修公司，预算30万左右。', '如题，房子在光谷，面积120平，三室两厅。\n\n希望找一家靠谱的装修公司，要求：\n1. 口碑好，施工质量有保障\n2. 设计能力强\n3. 价格透明，无隐形消费\n4. 售后服务好\n\n预算30万左右，包括硬装和软装。\n\n有经验的校友麻烦推荐一下，谢谢！', '["https://example.com/house1.jpg"]', 2, 1, 34, 8, 15, 1, NULL),
('2026-03-02 09:15:00', '互联网行业求职经验分享', '在互联网大厂工作5年了，分享一些求职和职场经验，希望能帮到学弟学妹。', '大家好，我是2018届计算机专业的校友，现在在某互联网大厂做后端开发。\n\n工作5年来，积累了一些经验，想和大家分享一下：\n\n## 求职准备\n1. 算法是基础，LeetCode至少刷200道\n2. 项目经验很重要，要有亮点\n3. 八股文要背，但更要理解原理\n\n## 面试技巧\n1. 自信但不自负\n2. 遇到不会的问题，说出思路\n3. 准备几个好问题问面试官\n\n## 职场建议\n1. 前三年多学习，少计较\n2. 主动承担有挑战的任务\n3. 建立自己的人脉网络\n\n有问题欢迎交流！', '[]', 7, 2, 128, 45, 28, 1, NULL),
('2026-03-02 16:45:00', '出一台MacBook Pro 14寸', '2023款MacBook Pro 14寸，M2 Pro芯片，16G+512G，成色99新，价格面议。', '出一台自用的MacBook Pro 14寸\n\n配置：\n- 2023款\n- M2 Pro芯片（10核CPU+16核GPU）\n- 16GB内存\n- 512GB SSD\n- 深空灰色\n\n成色：99新，无划痕，电池健康100%，循环次数50次\n\n配件：原装充电器、包装盒都在\n\n价格：8500元（可小刀）\n\n仅限武汉面交，地点可在学校附近。\n\n有意者请联系：13800138008', '["https://example.com/mac1.jpg", "https://example.com/mac2.jpg", "https://example.com/mac3.jpg"]', 8, 5, 23, 5, 8, 1, NULL),
('2026-03-03 11:00:00', '考研经验分享：从武理到清华', '去年成功上岸清华计算机，分享一下考研经验，希望能帮到学弟学妹。', '各位学弟学妹好！\n\n我是2020届信息工程专业的校友，去年成功上岸清华大学计算机系。\n\n## 基本情况\n- 本科GPA：3.8/4.0\n- 考研成绩：政治75，英语85，数学145，专业课135，总分440\n\n## 复习时间线\n**3-6月：基础阶段**\n- 数学：过一遍教材，做课后习题\n- 英语：背单词，做真题阅读\n\n**7-9月：强化阶段**\n- 数学：刷题，总结题型\n- 专业课：系统学习，做笔记\n\n**10-12月：冲刺阶段**\n- 真题模拟，查漏补缺\n- 政治开始背诵\n\n## 心得体会\n1. 坚持最重要\n2. 效率比时间更重要\n3. 心态要平和\n\n有问题可以加我微信交流！', '["https://example.com/offer.jpg"]', 7, 9, 256, 89, 45, 1, NULL),
('2026-03-03 15:30:00', '南湖校区食堂哪个最好吃？', '毕业多年，想回母校看看，请问现在南湖校区哪个食堂最值得吃？', '如题，毕业5年了，一直想念学校的食堂。\n\n记得以前最喜欢去：\n- 越苑食堂的麻辣烫\n- 恬苑食堂的小炒\n\n不知道现在变化大不大？\n\n求推荐现在的网红窗口，准备这周末回去吃一趟！\n\n另外，现在校友能进校园吗？需要什么手续？', '[]', 3, 1, 67, 12, 34, 1, NULL),
('2026-03-04 08:00:00', '招聘：Java后端工程师', '某知名互联网公司招聘Java后端工程师，年薪30-50万，欢迎校友投递。', '## 公司简介\n某知名互联网公司，业务稳定增长，技术氛围好。\n\n## 岗位要求\n1. 3年以上Java开发经验\n2. 熟悉Spring Boot、MyBatis等框架\n3. 熟悉MySQL、Redis等数据库\n4. 有分布式系统开发经验优先\n5. 本科及以上学历\n\n## 薪资待遇\n- 年薪：30-50万（14薪）\n- 五险一金全额缴纳\n- 补充医疗保险\n- 免费三餐\n- 健身房、下午茶等福利\n\n## 工作地点\n武汉光谷\n\n## 联系方式\n邮箱：hr@example.com\n微信：13800138002\n\n欢迎武理校友投递，内推成功率更高！', '[]', 2, 2, 45, 67, 18, 1, NULL),
('2026-03-04 10:20:00', '失物招领：在图书馆捡到校园卡', '今天下午在图书馆三楼捡到一张校园卡，卡号2021XXXX，请失主联系我。', '今天下午15:00左右，在图书馆三楼自习室捡到一张校园卡。\n\n卡号：2021XXXX（后四位保密）\n\n卡面信息：\n- 姓名：刘XX\n- 学院：计算机学院\n\n请失主私信我认领，需要说出完整卡号和学院确认身份。\n\n我的联系方式：13800138013', '[]', 13, 6, 12, 3, 2, 1, NULL),
('2026-02-28 20:00:00', '创业分享：从0到1的三年', '分享我毕业创业三年的经历，有成功经验也有失败教训。', '大家好，我是2019届管理学院校友，毕业后选择了创业，现在公司年营收过千万。\n\n## 创业历程\n\n**第一年：摸索期**\n- 做了三个项目，都失败了\n- 亏损50万\n- 但积累了宝贵经验\n\n**第二年：转型期**\n- 找到正确方向：企业服务\n- 团队扩充到10人\n- 实现盈亏平衡\n\n**第三年：成长期**\n- 年营收突破1000万\n- 团队30人\n- 获得A轮融资\n\n## 经验总结\n1. 方向比努力更重要\n2. 团队是核心\n3. 现金流是生命线\n4. 快速迭代，小步快跑\n\n欢迎有创业想法的校友交流！', '["https://example.com/company.jpg"]', 12, 3, 189, 56, 42, 1, NULL),
('2026-02-25 12:00:00', '周末羽毛球约球', '本周六下午2-5点，光谷体育馆羽毛球，还差2人，欢迎校友加入。', '时间：本周六（3月7日）下午14:00-17:00\n地点：光谷体育馆羽毛球馆\n费用：AA制，预计人均30元\n水平：中等水平，娱乐为主\n\n目前已有4人，还差2人，男女不限。\n\n欢迎喜欢羽毛球的校友加入！\n\n报名方式：加微信13800138005，备注"羽毛球"', '[]', 5, 7, 8, 2, 5, 1, NULL);



-- ==================== 5. 评论数据 (comment) ====================
-- 帖子评论
INSERT INTO `comment` (`id`, `date`, `content`, `commenterId`, `postId`, `likeCount`, `status`, `rejectReason`) VALUES
(1, '2026-03-01 11:00:00', '太好了！一定参加！', 2, 1, 5, 1, NULL),
(2, '2026-03-01 11:30:00', '已经报名了，期待重聚！', 3, 1, 3, 1, NULL),
(3, '2026-03-01 15:00:00', '推荐东易日盛，我家就是他们装的，质量不错。', 4, 2, 8, 1, NULL),
(4, '2026-03-01 16:20:00', '感谢分享，很有用！', 6, 3, 12, 1, NULL),
(5, '2026-03-02 10:00:00', '大神啊，求带！', 9, 3, 6, 1, NULL),
(6, '2026-03-02 14:30:00', '电脑还在吗？我想看看。', 10, 4, 2, 1, NULL),
(7, '2026-03-03 09:00:00', '恭喜上岸！太厉害了！', 1, 5, 15, 1, NULL),
(8, '2026-03-03 12:00:00', '膜拜大神，求带飞！', 8, 5, 8, 1, NULL),
(9, '2026-03-03 17:00:00', '越苑的麻辣烫确实好吃，现在还有！', 11, 6, 4, 1, NULL),
(10, '2026-03-04 09:00:00', '已投递简历，求内推！', 14, 7, 3, 1, NULL),
(11, '2026-03-04 11:00:00', '请问还招人吗？', 15, 7, 1, 1, NULL),
(12, '2026-03-01 12:00:00', '我也报名！', 5, 1, 2, 1, NULL),
(13, '2026-03-02 18:00:00', '价格能便宜点吗？', 7, 4, 1, 1, NULL),
(14, '2026-03-03 20:00:00', '太励志了，向你学习！', 4, 9, 10, 1, NULL),
(15, '2026-03-04 13:00:00', '我也想参加，加你了！', 9, 10, 0, 1, NULL);

-- ==================== 6. 订单数据 (order) ====================
-- 座位购买订单
INSERT INTO `order` (`id`, `userId`, `amount`, `status`, `expiresAt`, `createdAt`, `updatedAt`, `campusId`, `buildingId`, `roomId`) VALUES
(1482376598745678901, 1, 100000, 'PAID', '2026-03-04 10:30:00', '2026-03-04 10:20:00', '2026-03-04 10:25:00', 1, 1, 1),
(1482376598745678902, 2, 200000, 'PAID', '2026-03-04 11:00:00', '2026-03-04 10:50:00', '2026-03-04 10:55:00', 1, 2, 4),
(1482376598745678903, 3, 100000, 'PENDING', '2026-03-04 12:00:00', '2026-03-04 11:50:00', '2026-03-04 11:50:00', 2, 4, 10),
(1482376598745678904, 4, 300000, 'PAID', '2026-03-04 14:30:00', '2026-03-04 14:20:00', '2026-03-04 14:25:00', 2, 5, 13),
(1482376598745678905, 5, 100000, 'CANCELLED', '2026-03-04 15:00:00', '2026-03-04 14:50:00', '2026-03-04 14:55:00', 3, 6, 16),
(1482376598745678906, 6, 200000, 'PAID', '2026-03-04 16:00:00', '2026-03-04 15:50:00', '2026-03-04 15:55:00', 3, 7, 19),
(1482376598745678907, 7, 100000, 'PENDING', '2026-03-04 17:00:00', '2026-03-04 16:50:00', '2026-03-04 16:50:00', 4, 8, 22),
(1482376598745678908, 8, 400000, 'PAID', '2026-03-04 18:00:00', '2026-03-04 17:50:00', '2026-03-04 17:55:00', 4, 9, 24),
(1482376598745678909, 9, 100000, 'REFUNDED', '2026-03-04 19:00:00', '2026-03-04 18:50:00', '2026-03-04 18:55:00', 5, 10, 26),
(1482376598745678910, 10, 200000, 'PAID', '2026-03-04 20:00:00', '2026-03-04 19:50:00', '2026-03-04 19:55:00', 5, 11, 29);

-- ==================== 7. 订单座位关联数据 (order_seat) ====================
-- 订单与座位的关联
INSERT INTO `order_seat` (`id`, `orderId`, `seatId`, `lookPrice`) VALUES
(1, 1482376598745678901, 1, 100000.00),
(2, 1482376598745678902, 100, 100000.00),
(3, 1482376598745678902, 101, 100000.00),
(4, 1482376598745678903, 200, 100000.00),
(5, 1482376598745678904, 300, 100000.00),
(6, 1482376598745678904, 301, 100000.00),
(7, 1482376598745678904, 302, 100000.00),
(8, 1482376598745678905, 400, 100000.00),
(9, 1482376598745678906, 500, 100000.00),
(10, 1482376598745678906, 501, 100000.00),
(11, 1482376598745678907, 600, 100000.00),
(12, 1482376598745678908, 700, 100000.00),
(13, 1482376598745678908, 701, 100000.00),
(14, 1482376598745678908, 702, 100000.00),
(15, 1482376598745678908, 703, 100000.00),
(16, 1482376598745678909, 800, 100000.00),
(17, 1482376598745678910, 900, 100000.00),
(18, 1482376598745678910, 901, 100000.00);

-- 恢复外键检查
SET FOREIGN_KEY_CHECKS = 1;

-- 数据插入完成
-- 共插入：
-- - 学院：20条
-- - 分类：10条
-- - 用户：15条
-- - 帖子：10条
-- - 评论：15条
-- - 订单：10条
-- - 订单座位关联：18条
